{"train_loss": 0.8249600529670715, "train_accuracy": 0.04386584088206291, "_timestamp": 1724861490.9272556, "_runtime": 44.466859579086304, "_step": 510, "train_bce": 0.6560170650482178, "train_dice": 0.9939030408859253, "train_mean_iou": 0.0005096186068840325, "train_pixel_accuracy": 0.04386584088206291, "train_mean_pixel_accuracy": 0.04386584088206291, "train_duration": 1.107520580291748, "val_loss": 0.808299720287323, "val_accuracy": 0.2328813374042511, "val_bce": 0.6324454545974731, "val_dice": 0.9841539859771729, "val_mean_iou": 0.009034577757120132, "val_pixel_accuracy": 0.2328813374042511, "val_mean_pixel_accuracy": 0.2328813374042511, "val_duration": 0.07986021041870117, "epoch_duration": 1.3736050128936768, "total_training_time": 41.17325496673584, "_wandb": {"runtime": 59}}