{"train_loss": NaN, "train_accuracy": 0.06230534613132477, "_timestamp": 1724863795.478513, "_runtime": 27.641145944595337, "_step": 420, "train_bce": NaN, "train_dice": NaN, "train_mean_iou": 0.05584716796875, "train_pixel_accuracy": 0.06230534613132477, "train_mean_pixel_accuracy": 0.06230534613132477, "val_loss": NaN, "val_accuracy": 0.2489861398935318, "val_bce": NaN, "val_dice": NaN, "val_mean_iou": 0.2272135466337204, "val_pixel_accuracy": 0.2489861398935318, "val_mean_pixel_accuracy": 0.2489861398935318, "total_training_time": 0.7627766132354736, "_wandb": {"runtime": 31}}