{"train_loss": NaN, "train_accuracy": 0.062305767089128494, "_timestamp": 1724862181.9854589, "_runtime": 27.192863941192627, "_step": 420, "train_bce": NaN, "train_dice": NaN, "train_mean_iou": 0.0560099296271801, "train_pixel_accuracy": 0.062305767089128494, "train_mean_pixel_accuracy": 0.062305767089128494, "val_loss": NaN, "val_accuracy": 0.2489793598651886, "val_bce": NaN, "val_dice": NaN, "val_mean_iou": 0.224609375, "val_pixel_accuracy": 0.2489793598651886, "val_mean_pixel_accuracy": 0.2489793598651886, "total_training_time": 0.7606029510498047, "_wandb": {"runtime": 33}}