{"train_loss": 0.6564786913918286, "train_accuracy": 0.04791082986971227, "_timestamp": 1724865162.3809276, "_runtime": 362.6380784511566, "_step": 420, "train_bce": 0.4115874803647762, "train_dice": 0.9013699322212033, "train_mean_iou": 0.025749389718218548, "train_pixel_accuracy": 0.04791082986971227, "train_mean_pixel_accuracy": 0.04791082986971227, "val_loss": 0.6726418137550354, "val_accuracy": 0.09001233902844516, "val_bce": 0.40862128138542175, "val_dice": 0.9366623759269714, "val_mean_iou": 0.072186833078211, "val_pixel_accuracy": 0.09001233902844516, "val_mean_pixel_accuracy": 0.09001233902844516, "total_training_time": 11.942896127700806, "_wandb": {"runtime": 414}}