{"train_loss": 0.8050832152366638, "train_accuracy": 0.05222140625119209, "_timestamp": 1724864519.1141586, "_runtime": 32.9047646522522, "_step": 420, "train_bce": 0.6202324628829956, "train_dice": 0.989933967590332, "train_mean_iou": 0.0012884573079645634, "train_pixel_accuracy": 0.05222140625119209, "train_mean_pixel_accuracy": 0.05222140625119209, "val_loss": 0.8018438816070557, "val_accuracy": 0.2486623078584671, "val_bce": 0.6098857522010803, "val_dice": 0.9938020706176758, "val_mean_iou": 0.126449316740036, "val_pixel_accuracy": 0.2486623078584671, "val_mean_pixel_accuracy": 0.2486623078584671, "total_training_time": 1.0615391731262207, "_wandb": {"runtime": 39}}